AMSC,Consumer DurablesCRMT,Consumer DurablesBSET,Consumer DurablesCASY,Consumer DurablesCENT,Consumer DurablesCENTA,Consumer DurablesCVO,Consumer DurablesCTHR,Consumer DurablesCJJD,Consumer DurablesCDXC,Consumer DurablesCPRT,Consumer DurablesCYAN,Consumer DurablesDAKT,Consumer DurablesEDUC,Consumer DurablesEFOI,Consumer DurablesENZY          ,Consumer DurablesCLWT,Consumer DurablesFLXS,Consumer DurablesFOMX,Consumer DurablesFELE,Consumer DurablesGPIA,Consumer DurablesGPIAU,Consumer DurablesGPIAW,Consumer DurablesHWKN,Consumer DurablesHELE,Consumer DurablesMLHR,Consumer DurablesHOFT,Consumer DurablesHDSN,Consumer DurablesIDSY,Consumer DurablesIDSA,Consumer DurablesINWK,Consumer DurablesIPHS,Consumer DurablesINSG,Consumer DurablesTILE,Consumer DurablesIRDM,Consumer DurablesIRDMB,Consumer DurablesIRBT,Consumer DurablesITI,Consumer DurablesJASN,Consumer DurablesJASNW,Consumer DurablesKBAL,Consumer DurablesLAWS,Consumer DurablesLFUS,Consumer DurablesLYTS,Consumer DurablesLITE,Consumer DurablesMAGS,Consumer DurablesMTEX,Consumer DurablesMDWD,Consumer DurablesNSSC,Consumer DurablesNAII,Consumer DurablesNHTC,Consumer DurablesNXEO,Consumer DurablesNXEOU,Consumer DurablesNXEOW,Consumer DurablesNVFY,Consumer DurablesNMRX,Consumer DurablesOBCI,Consumer DurablesOESX,Consumer DurablesPPSI,Consumer DurablesPOOL,Consumer DurablesPOWL,Consumer DurablesRVLT,Consumer DurablesRUSHA,Consumer DurablesRUSHB,Consumer DurablesSCHN,Consumer DurablesSCSS,Consumer DurablesSGLB,Consumer DurablesSGLBW,Consumer DurablesSLGN,Consumer DurablesSODA,Consumer DurablesSTLY,Consumer DurablesSUMR,Consumer DurablesTGLS,Consumer DurablesDXYN,Consumer DurablesGT,Consumer DurablesTA,Consumer DurablesTANNI,Consumer DurablesTANNL,Consumer DurablesTANNZ,Consumer DurablesHEAR,Consumer DurablesUTSI,Consumer DurablesVIRC,Consumer DurablesVWR,Consumer DurablesWMAR,Consumer DurablesWLFC,Consumer DurablesXGTI,Consumer DurablesXGTIW,Consumer Durables