FLWS,Consumer ServicesAEY,Consumer ServicesAGNC,Consumer ServicesAGNCB,Consumer ServicesAGNCN,Consumer ServicesAGNCP,Consumer ServicesAMMA,Consumer ServicesASPS,Consumer ServicesAMZN,Consumer ServicesAMCX,Consumer ServicesUHAL,Consumer ServicesAPEI,Consumer ServicesANGI,Consumer ServicesARCI,Consumer ServicesAPDN,Consumer ServicesAPDNW,Consumer ServicesARKR,Consumer ServicesASNA,Consumer ServicesASCMA,Consumer ServicesASPU,Consumer ServicesATAI,Consumer ServicesAAPC,Consumer ServicesCAR,Consumer ServicesBCOM,Consumer ServicesBZUN,Consumer ServicesBECN,Consumer ServicesBBGI,Consumer ServicesBBBY,Consumer ServicesBGFV,Consumer ServicesBJRI,Consumer ServicesBLMN,Consumer ServicesBMCH,Consumer ServicesBOBE,Consumer ServicesWIFI,Consumer ServicesBOJA,Consumer ServicesBBRG,Consumer ServicesBWLD,Consumer ServicesBLDR,Consumer ServicesCACQ,Consumer ServicesCZR,Consumer ServicesPRSS,Consumer ServicesABCD,Consumer ServicesCPHC,Consumer ServicesCPLA,Consumer ServicesCECO,Consumer ServicesCTRE,Consumer ServicesTAST,Consumer ServicesCRTN,Consumer ServicesCDW,Consumer ServicesCETV,Consumer ServicesCNTY,Consumer ServicesHOTR,Consumer ServicesCHTR,Consumer ServicesCSSE,Consumer ServicesPLCE,Consumer ServicesCALI,Consumer ServicesCIFS,Consumer ServicesHTHT,Consumer ServicesCHSCL,Consumer ServicesCHSCM,Consumer ServicesCHSCN,Consumer ServicesCHSCO,Consumer ServicesCHSCP,Consumer ServicesCHDN,Consumer ServicesCHUY,Consumer ServicesCMCT,Consumer ServicesCIDM,Consumer ServicesCTRN,Consumer ServicesCCOI,Consumer ServicesCOGT,Consumer ServicesCMCSA,Consumer ServicesCDOR,Consumer ServicesCONN,Consumer ServicesCOST,Consumer ServicesCBRL,Consumer ServicesCMLS,Consumer ServicesCONE,Consumer ServicesDJCO,Consumer ServicesDSKE,Consumer ServicesDSKEW,Consumer ServicesPLAY,Consumer ServicesDFRG,Consumer ServicesTACO,Consumer ServicesTACOW,Consumer ServicesDENN,Consumer ServicesDEST,Consumer ServicesDXLG,Consumer ServicesDISCA,Consumer ServicesDISCB,Consumer ServicesDISCK,Consumer ServicesDISH,Consumer ServicesSAUC,Consumer ServicesDLTR,Consumer ServicesDLTH,Consumer ServicesDNKN,Consumer ServicesEEI,Consumer ServicesLOCO,Consumer ServicesEMITF,Consumer ServicesERI,Consumer ServicesEMMS,Consumer ServicesNYNY,Consumer ServicesENG,Consumer ServicesEQIX,Consumer ServicesESND,Consumer ServicesEVLV,Consumer ServicesEXPE,Consumer ServicesEXPO,Consumer ServicesEZPW,Consumer ServicesDAVE,Consumer ServicesFAST,Consumer ServicesFRGI,Consumer ServicesFCFS,Consumer ServicesFIVE,Consumer ServicesFOGO,Consumer ServicesFORR,Consumer ServicesFRAN,Consumer ServicesFRED,Consumer ServicesFTD,Consumer ServicesFLL,Consumer ServicesGAIA,Consumer ServicesGLPI,Consumer ServicesGNUS,Consumer ServicesGOOD,Consumer ServicesGOODM,Consumer ServicesGOODO,Consumer ServicesGOODP,Consumer ServicesLAND,Consumer ServicesLANDP,Consumer ServicesENT,Consumer ServicesSELF,Consumer ServicesGOGO,Consumer ServicesGLNG,Consumer ServicesGMLP,Consumer ServicesGDEN,Consumer ServicesGOGL,Consumer ServicesGTIM,Consumer ServicesLOPE,Consumer ServicesGYRO,Consumer ServicesHLG,Consumer ServicesHCOM,Consumer ServicesHDS,Consumer ServicesHMNY,Consumer ServicesHMTV,Consumer ServicesHIBB,Consumer ServicesHPT,Consumer ServicesHMHC,Consumer ServicesHSNI,Consumer ServicesHURN,Consumer ServicesHBP,Consumer ServicesIAC,Consumer ServicesICFI,Consumer ServicesIFMK,Consumer ServicesIII,Consumer ServicesIMKTA,Consumer ServicesNSIT,Consumer ServicesISIG,Consumer ServicesISCA,Consumer ServicesIRCP,Consumer ServicesIZEA,Consumer ServicesMAYS,Consumer ServicesJACK,Consumer ServicesJMBA,Consumer ServicesJD,Consumer ServicesJCTCF,Consumer ServicesKIRK,Consumer ServicesKONA,Consumer ServicesLAMR,Consumer ServicesLMRK,Consumer ServicesLMRKO,Consumer ServicesLMRKP,Consumer ServicesLE,Consumer ServicesLAUR,Consumer ServicesLBRDA,Consumer ServicesLBRDK,Consumer ServicesLEXEA,Consumer ServicesLEXEB,Consumer ServicesLBTYA,Consumer ServicesLBTYB,Consumer ServicesLBTYK,Consumer ServicesLILA,Consumer ServicesLILAK,Consumer ServicesLVNTA,Consumer ServicesLVNTB,Consumer ServicesQVCA,Consumer ServicesQVCB,Consumer ServicesBATRA,Consumer ServicesBATRK,Consumer ServicesFWONA,Consumer ServicesFWONK,Consumer ServicesLSXMA,Consumer ServicesLSXMB,Consumer ServicesLSXMK,Consumer ServicesLTBR,Consumer ServicesLINC,Consumer ServicesLIND,Consumer ServicesLINDW,Consumer ServicesLINU,Consumer ServicesLKQ,Consumer ServicesMMYT,Consumer ServicesLOAN,Consumer ServicesMANT,Consumer ServicesMAR,Consumer ServicesMXPT,Consumer ServicesMLCO,Consumer ServicesMCRI,Consumer ServicesMNRO,Consumer ServicesMSG,Consumer ServicesMTGE,Consumer ServicesMTGEP,Consumer ServicesNATH,Consumer ServicesNAUH,Consumer ServicesNCMI,Consumer ServicesNFLX,Consumer ServicesNYMT,Consumer ServicesNYMTO,Consumer ServicesNWS,Consumer ServicesNWSA,Consumer ServicesNXST,Consumer ServicesNDLS,Consumer ServicesNCLH,Consumer ServicesNTRI,Consumer ServicesNVEE,Consumer ServicesNXTD,Consumer ServicesNXTDW,Consumer ServicesOMEX,Consumer ServicesODP,Consumer ServicesOLLI,Consumer ServicesORBC,Consumer ServicesORLY,Consumer ServicesOSTK,Consumer ServicesPZZA,Consumer ServicesFRSH,Consumer ServicesPAYX,Consumer ServicesCNXN,Consumer ServicesPCMI,Consumer ServicesSKIS,Consumer ServicesPENN,Consumer ServicesPFMT,Consumer ServicesPERF,Consumer ServicesPNK,Consumer ServicesPLYA,Consumer ServicesPBPB,Consumer ServicesPCH,Consumer ServicesPINC,Consumer ServicesPRGX,Consumer ServicesPSMT,Consumer ServicesRCM,Consumer ServicesRLOG,Consumer ServicesRICK,Consumer ServicesRDI,Consumer ServicesRDIB,Consumer ServicesRRGB,Consumer ServicesRRR,Consumer ServicesMARK,Consumer ServicesROIC,Consumer ServicesRVEN,Consumer ServicesRNET,Consumer ServicesRLJE,Consumer ServicesRTNB,Consumer ServicesROST,Consumer ServicesRUTH,Consumer ServicesSBRA,Consumer ServicesSBRAP,Consumer ServicesSALM,Consumer ServicesSBAC,Consumer ServicesSCHL,Consumer ServicesSNI,Consumer ServicesSHLD,Consumer ServicesSHLDW,Consumer ServicesSHOS,Consumer ServicesSIR,Consumer ServicesSNH,Consumer ServicesSNHNI,Consumer ServicesSNHNL,Consumer ServicesSSC,Consumer ServicesSGBX,Consumer ServicesSCVL,Consumer ServicesSBGI,Consumer ServicesSIRI,Consumer ServicesSONC,Consumer ServicesSOHO,Consumer ServicesSOHOB,Consumer ServicesSOHOM,Consumer ServicesSP,Consumer ServicesSPWH,Consumer ServicesSFM,Consumer ServicesSPLS,Consumer ServicesSBUX,Consumer ServicesSMRT,Consumer ServicesSTRS,Consumer ServicesSTRA,Consumer ServicesSTKL,Consumer ServicesTEDU,Consumer ServicesTTEK,Consumer ServicesTXRH,Consumer ServicesABCO,Consumer ServicesANDE,Consumer ServicesBONT,Consumer ServicesCAKE,Consumer ServicesFINL,Consumer ServicesHABT,Consumer ServicesHCKT,Consumer ServicesINTG,Consumer ServicesMEET,Consumer ServicesMIK,Consumer ServicesSTKS,Consumer ServicesPRSC,Consumer ServicesRMR,Consumer ServicesTST,Consumer ServicesTTS,Consumer ServicesTITN,Consumer ServicesCLUB,Consumer ServicesTSCO,Consumer ServicesTWMC,Consumer ServicesTRNC,Consumer ServicesTUES,Consumer ServicesTOUR,Consumer ServicesFOX,Consumer ServicesFOXA,Consumer ServicesPRTS,Consumer ServicesULTA,Consumer ServicesUNIT,Consumer ServicesUONE,Consumer ServicesUONEK,Consumer ServicesURBN,Consumer ServicesVIA,Consumer ServicesVIAB,Consumer ServicesVDTH,Consumer ServicesVLGEA,Consumer ServicesVSEC,Consumer ServicesWEN,Consumer ServicesWHLR,Consumer ServicesWHLRD,Consumer ServicesWHLRP,Consumer ServicesWHLRW,Consumer ServicesWHLM,Consumer ServicesWLDN,Consumer ServicesWING,Consumer ServicesWINA,Consumer ServicesWPCS,Consumer ServicesWYNN,Consumer ServicesYTRA,Consumer ServicesYOGA,Consumer ServicesYGYI,Consumer ServicesZAGG,Consumer ServicesZUMZ,Consumer Services